"request_id","user_id","doctor_id","preferred_date","request_status"
"121","1","1","2025-09-05 09:00:00","APPROVED"
"122","2","2","2025-09-06 10:00:00","PENDING"
"123","3","3","2025-09-07 11:00:00","REJECTED"
"124","4","4","2025-09-08 12:00:00","APPROVED"
"125","5","5","2025-09-09 13:00:00","PENDING"
"126","6","6","2025-09-10 14:00:00","APPROVED"
"127","7","7","2025-09-11 15:00:00","REJECTED"
"128","8","8","2025-09-12 16:00:00","APPROVED"
"129","9","1","2025-09-13 09:00:00","PENDING"
"130","10","2","2025-09-14 10:00:00","APPROVED"
"131","11","3","2025-09-15 11:00:00","REJECTED"
"132","12","4","2025-09-16 12:00:00","APPROVED"
"133","13","5","2025-09-17 13:00:00","PENDING"
"134","14","6","2025-09-18 14:00:00","APPROVED"
"135","15","7","2025-09-19 15:00:00","REJECTED"
"136","16","8","2025-09-20 16:00:00","APPROVED"
"137","17","1","2025-09-21 09:00:00","PENDING"
"138","18","2","2025-09-22 10:00:00","APPROVED"
"139","19","3","2025-09-23 11:00:00","REJECTED"
"140","20","4","2025-09-24 12:00:00","APPROVED"
"141","21","5","2025-09-25 13:00:00","PENDING"
"142","22","6","2025-09-26 14:00:00","APPROVED"
"143","23","7","2025-09-27 15:00:00","REJECTED"
"144","24","8","2025-09-28 16:00:00","APPROVED"
"145","25","1","2025-09-29 09:00:00","PENDING"
"146","26","2","2025-09-30 10:00:00","APPROVED"
"147","27","3","2025-10-01 11:00:00","REJECTED"
"148","28","4","2025-10-02 12:00:00","APPROVED"
"149","29","5","2025-10-03 13:00:00","PENDING"
"150","30","6","2025-10-04 14:00:00","APPROVED"
"151","31","7","2025-10-05 15:00:00","REJECTED"
"152","32","8","2025-10-06 16:00:00","APPROVED"
"153","33","1","2025-10-07 09:00:00","PENDING"
"154","34","2","2025-10-08 10:00:00","APPROVED"
"155","35","3","2025-10-09 11:00:00","REJECTED"
"156","36","4","2025-10-10 12:00:00","APPROVED"
"157","37","5","2025-10-11 13:00:00","PENDING"
"158","38","6","2025-10-12 14:00:00","APPROVED"
"159","39","7","2025-10-13 15:00:00","REJECTED"
"160","40","8","2025-10-14 16:00:00","APPROVED"
